id,title,creator,creatorBio,creatorAvatar,tagline,description,category,imageUrl,mediaUrls,team,socialLinks,videoGenerationState,goal,pledged,backers,fundingVelocity,faq,rewards,city,country,anticipationScore,impactScore,efficiencyScore,problems,isFeatured,documents
proj-001,Saylaq Qol,Sailaq Qol,Sailaq Qol - механическая рука,https://encrypted-tbn0.gstatic.com/images?q=tbn:ANd9GcTVgPimc_RQYYbUhV3A_xER8GPifFju7nveLA&s,"это технологическое устройство в формате умных перчаток, которое распознаёт жесты казахского жестового языка и мгновенно переводит их в текст или синтезированную речь.","**Saylaq Qol** — это технологическое устройство в формате умных перчаток, которое распознаёт жесты казахского жестового языка и мгновенно переводит их в текст или синтезированную речь. Перчатки оснащены гибкими сенсорами для определения движения пальцев, MPU6050 для отслеживания положения руки, а также ESP32 mini для обработки данных. Это решение позволит людям с нарушением слуха свободно общаться с окружающими, не прибегая к помощи переводчиков.

**Целевая аудитория**
1. Люди с нарушениями слуха в Казахстане 
2. Их семьи, друзья, коллеги 
3. Государственные и частные организации, обслуживающие людей с ОВЗ ",Tech,https://drive.google.com/file/d/1eM1diII2dNRFQ8tgQEdazbHha7qyjxhA/view?usp=drive_link,"[{""type"":""image"",""url"":""https://drive.google.com/file/d/1eM1diII2dNRFQ8tgQEdazbHha7qyjxhA/view?usp=drive_link
""},{""type"":""video"",""url"":""https://hailuoai.video/share/ai-video/k32kvQdlm0xA?source-scene=shared&source-media=shared_link""}]","[{""name"":""Alice"",""role"":""Founder"",""avatar"":""[URL]""},{""name"":""Bob"",""role"":""Engineer"",""avatar"":""[URL]""}]","[{""platform"":""website"",""url"":""[URL]""},{""platform"":""instagram"",""url"":""[URL]""}]",none,25000,0,0,stable,"[{""question"":""What about shipping?"",""answer"":""Worldwide in Q4.""},{""question"":""Warranty?"",""answer"":""1 year.""}]","[{""title"":""Starter"",""pledgeAmount"":25,""description"":""Thank you pack"",""isFoundersPass"":FALSE},{""title"":""Founder's Pass"",""pledgeAmount"":199,""description"":""Limited edition perks"",""isFoundersPass"":TRUE}]",Almaty,KZ,80,70,75,,,
proj-002,Januya,Team X,Bio of team,https://encrypted-tbn0.gstatic.com/images?q=tbn:ANd9GcTVgPimc_RQYYbUhV3A_xER8GPifFju7nveLA&s,Ранняя диагностика болезней у куриц с помощью ИИ.,"**Ранняя диагностика болезней у куриц с помощью ИИ.**

Наш проект заключается в создании устройства для мониторинга здоровья куриц, которая будет определять заболевания и предупреждать хозяев за счет специально обученной нейросети.
**Цель:** Создание технологии для мониторинга здоровья кур, предотвращение заболеваний и смертности среди птиц, улучшение условий их содержания.
Наш проект находится в стадии разработки, на данный момент у нас имеется сборка первого сооружения с камерой, тепловизором,Raspberry Pi 4, сделанная из дерева. Кроме того, у нас имеется первичное приложение предназначенное для IOS пользователей с диагностикой, видеонаблюдением и информацией для профилактики и безопасности куриц. На нынешнем этапе нам важно сосредоточиться на тестировании прототипа, использовании всевозможных ресурсов для улучшения сооружения и приложения, а также продвижении в социальных сетях. С течением времени, если проект получит достаточную поддержку и внимания, то можно будет переходить к масштабированию и коммерциализации.

",Art,http://creativeportal.up.railway.app/media/project_photos/%D0%A1%D0%BD%D0%B8%D0%BC%D0%BE%D0%BA_%D1%8D%D0%BA%D1%80%D0%B0%D0%BD%D0%B0_2025-08-29_%D0%B2_12.16.45.png,"[{""type"":""image"",""url"":""[URL]""}]",[],"[{""platform"":""twitter"",""url"":""[URL]""}]",done,40000,12000,150,trending_up,[],"[{""title"":""Supporter"",""pledgeAmount"":10,""description"":""Thanks"",""isFoundersPass"":FALSE}]",Berlin,DE,85,90,82,,,
proj-003,Filter AirN,,,https://encrypted-tbn0.gstatic.com/images?q=tbn:ANd9GcTVgPimc_RQYYbUhV3A_xER8GPifFju7nveLA&s,Решение проблемы загрязнения атмосферы и снижения выбросов парниковых газов.,"**FilterAirN** — это инновационный аппарат для улавливания углекислого газа (CO₂) из воздуха и его переработки в карбонат кальция (CaCO₃), который может использоваться в промышленности. Проект направлен на решение проблемы загрязнения атмосферы и снижения выбросов парниковых газов, что способствует борьбе с глобальным потеплением и улучшению экологической ситуации.

Устройство основано на реакции гидроксида кальция с углекислым газом, в результате которой CO₂ связывается в безопасную твёрдую форму. Разработка прошла лабораторные и промышленные тесты на ТЭЦ, металлургических предприятиях и котельных, показав снижение концентрации CO₂ на выходе оборудования до 80–90%.

Технология обладает рядом преимуществ: экологичность, эффективность, безотходность, возможность интеграции в существующую промышленную инфраструктуру, а также получение ценной продукции — карбоната кальция. Проект уже получил поддержку от экологических организаций, строительных компаний и независимых экспертов.

**Целевая аудитория**
Целевая аудитория
• Промышленные предприятия с высокими выбросами CO₂: тепловые электростанции (ТЭЦ), металлургические заводы, цементные производства, нефтегазовые предприятия.
• Строительные компании, заинтересованные в экологически чистых технологиях и «зелёном» имидже, а также в использовании карбоната кальция как строительного материала.
• Государственные и муниципальные структуры, реализующие программы по снижению выбросов парниковых газов и улучшению качества воздуха.
• Экологические организации и фонды, поддерживающие проекты по защите окружающей среды и внедрению технологий по улавливанию углерода.
• Международные организации и инвесторы, финансирующие проекты в области climate tech и carbon capture.",Tech,http://creativeportal.up.railway.app/media/project_photos/%D0%A1%D0%BD%D0%B8%D0%BC%D0%BE%D0%BA_%D1%8D%D0%BA%D1%80%D0%B0%D0%BD%D0%B0_2025-08-29_%D0%B2_12.16.16.png,,,,,,,,,,,,,,,,,,
proj-004,Robolabai,,,https://encrypted-tbn0.gstatic.com/images?q=tbn:ANd9GcTVgPimc_RQYYbUhV3A_xER8GPifFju7nveLA&s,,"**Roboalabai** это робот-помощник, который с помощью искусственного интеллекта, сенсорных систем и голосового управления способен обеспечивать безопасное передвижение человека в городской среде.

Целевая аудитория
Целевая аудитория:
Проект ориентирован на три основные группы пользователей:
1. Люди с нарушениями зрения (возрастная макулярная дегенерация, катаракта, диабетическая ретинопатия, глаукома) — нуждаются в помощи при передвижении и преодолении препятствий.
2. Пожилые люди — ценят наличие умного собеседника, способного поддерживать диалог, шутить и составлять приятную компанию.
3. Дети школьного возраста (10–16 лет) — получают от ИИ обучение базовым школьным знаниям.",Robotech,http://creativeportal.up.railway.app/media/project_photos/%D0%A1%D0%BD%D0%B8%D0%BC%D0%BE%D0%BA_%D1%8D%D0%BA%D1%80%D0%B0%D0%BD%D0%B0_2025-08-29_%D0%B2_12.15.50.png,,,,,,,,,,,,,,,,,,
proj-005,AeroDrop,,,https://encrypted-tbn0.gstatic.com/images?q=tbn:ANd9GcTVgPimc_RQYYbUhV3A_xER8GPifFju7nveLA&s,,"Аппарат, который добывает дистиллированную воду из воздуха, служит заменой дистиллятором или же есть второй выход через которую через фильтр добывается питьевая вода. Способна добыть более 10л воды в день.

**Целевая аудитория**
Больницы, жители сельских местности.",Tech,http://creativeportal.up.railway.app/media/project_photos/%D0%A1%D0%BD%D0%B8%D0%BC%D0%BE%D0%BA_%D1%8D%D0%BA%D1%80%D0%B0%D0%BD%D0%B0_2025-08-29_%D0%B2_12.14.50.png,,,,,,,,,,,,,,,,,,
proj-006,EarlyBirds,,,https://encrypted-tbn0.gstatic.com/images?q=tbn:ANd9GcTVgPimc_RQYYbUhV3A_xER8GPifFju7nveLA&s,,,,http://creativeportal.up.railway.app/media/project_photos/%D0%A1%D0%BD%D0%B8%D0%BC%D0%BE%D0%BA_%D1%8D%D0%BA%D1%80%D0%B0%D0%BD%D0%B0_2025-08-29_%D0%B2_12.14.14.png,,,,,,,,,,,,,,,,,,
proj-007,Kulaq,,,https://encrypted-tbn0.gstatic.com/images?q=tbn:ANd9GcTVgPimc_RQYYbUhV3A_xER8GPifFju7nveLA&s,,,Music,http://creativeportal.up.railway.app/media/project_photos/%D0%A1%D0%BD%D0%B8%D0%BC%D0%BE%D0%BA_%D1%8D%D0%BA%D1%80%D0%B0%D0%BD%D0%B0_2025-08-29_%D0%B2_12.13.10.png,,,,,,,,,,,,,,,,,,
proj-008,"RevitaFlow
",,,https://encrypted-tbn0.gstatic.com/images?q=tbn:ANd9GcTVgPimc_RQYYbUhV3A_xER8GPifFju7nveLA&s,,,Tech,http://creativeportal.up.railway.app/media/project_photos/%D0%A1%D0%BD%D0%B8%D0%BC%D0%BE%D0%BA_%D1%8D%D0%BA%D1%80%D0%B0%D0%BD%D0%B0_2025-08-29_%D0%B2_12.11.42.png,,,,,,,,,,,,,,,,,,
proj-009,KüyArna,,,https://encrypted-tbn0.gstatic.com/images?q=tbn:ANd9GcTVgPimc_RQYYbUhV3A_xER8GPifFju7nveLA&s,Интерактивный онлайн-помощник по обучению игре на домбре. ,"Интерактивный онлайн-помощник по обучению игре на домбре. Платформа с пошаговыми уроками, упражнениями, обратной связью и игровыми заданиями. Обучение будет бесплатным для всех желающих, с возможностью участия в челленджах, онлайн-конкурсах и ежегодном фестивале «Домбра Онлайн». Главная цель — сохранить и популяризировать казахскую музыкальную культуру и укрепить традиции, вовлекая людей всех возрастов.

**Целевая аудитория**
Школьники в селах
Студенты
Жители, желающие лучше играть",,http://creativeportal.up.railway.app/media/project_photos/2025-09-01_17.39.35.jpg,,,,,,,,,,,,,,,,,,
proj-010,Sabaq,,,https://encrypted-tbn0.gstatic.com/images?q=tbn:ANd9GcTVgPimc_RQYYbUhV3A_xER8GPifFju7nveLA&s,,"**""Sabaq""** - образовательная онлайн-платформа, созданная для обеспечения равного доступа сельских школьников к качественному дополнительному образованию.

Платформа включает:

1) Учебные курсы по школьным предметам, прикладным навыкам и творческим направлениям.
2) Систему наставничества, где опытные педагоги и специалисты помогают ученикам осваивать материал, готовиться к экзаменам и развивать интерес к обучению.
3) Оффлайн-доступ к урокам и материалам, чтобы дети могли учиться даже при слабом или нестабильном интернете.
5)Адаптацию под сельские условия - упрощённый интерфейс, малый вес файлов, использование доступных технологий.

Цель проекта - сократить образовательный разрыв между городом и селом, дать детям из отдалённых регионов возможность получать знания, развиваться и строить успешное будущее.

Целевая аудитория
Школьники из сельских регионов",,http://creativeportal.up.railway.app/media/project_photos/%D0%A1%D0%BD%D0%B8%D0%BC%D0%BE%D0%BA_%D1%8D%D0%BA%D1%80%D0%B0%D0%BD%D0%B0_2025-08-29_%D0%B2_12.11.00.png,,,,,,,,,,,,,,,,,,
proj-011,Overtapped: Telegram Mini Game,,,https://encrypted-tbn0.gstatic.com/images?q=tbn:ANd9GcTVgPimc_RQYYbUhV3A_xER8GPifFju7nveLA&s,Cooperative Adventure/Quest Game on Telegram.,,Game,https://drive.google.com/file/d/1Z_tAlSewipu2dqtMArWH_aIeGFx_vqKc/view?usp=sharing,"[
{""type"":""image"",""url"":""https://drive.google.com/file/d/1O5wy8UBXlPljCBOfLNSQ-beNxR4fthlq/view?usp=drive_link""},
{""type"":""image"",""url"":""https://drive.google.com/file/d/1ME_4yQ9BKDddQBnxcJLXhmxpePPgrzxi/view?usp=drive_link""}, {""type"":""video"",""url"":""https://drive.google.com/uc?export=download&id=1fAci5Y9o8LFFhi8hn6-qOOwF0JoQxmKR""}, {""type"":""video"",""url"":""https://drive.google.com/file/d/1OWz5eWP_fy0r7Noe2UPxDT1Ayq3syY82/view?usp=drive_link""}
]",,,,,,,,,,,,,,,,yes,
proj-012,Второе дыхание,,,https://encrypted-tbn0.gstatic.com/images?q=tbn:ANd9GcTVgPimc_RQYYbUhV3A_xER8GPifFju7nveLA&s,,,,http://creativeportal.up.railway.app/media/project_photos/%D0%A1%D0%BD%D0%B8%D0%BC%D0%BE%D0%BA_%D1%8D%D0%BA%D1%80%D0%B0%D0%BD%D0%B0_2025-08-29_%D0%B2_12.10.28.png,,,,,,,,,,,,,,,,,,
proj-013,PIPEEYE,,,https://encrypted-tbn0.gstatic.com/images?q=tbn:ANd9GcTVgPimc_RQYYbUhV3A_xER8GPifFju7nveLA&s,,"**PIPEEYE** - это устройство для диагностики и телеинспекции водопроводных труб, нацеленная на удешевление и улучшения данного процесса. PIPEEYE невероятно универсален и эффективен так как является автономным и совмещает в себе различные технологии, технологию MFL и ультразвукового сканирования.

**Целевая аудитория**
Водоканалы городов",,http://creativeportal.up.railway.app/media/project_photos/2025-09-01_17.15.51.jpg,,,,,,,,,,,,,,,,,,
proj-014,Не смотрите вниз,,,https://encrypted-tbn0.gstatic.com/images?q=tbn:ANd9GcTVgPimc_RQYYbUhV3A_xER8GPifFju7nveLA&s,,"**Конкурс на роспись люков Астаны (в дальнейшем и всего Казахстана). **Принимаются работы на бумаге или в диджитал для иллюстрации задумки молодежи по разработке уникальных арт объектов в виде люков городских сетей.

**Целевая аудитория**
Художники, компании, молодежь",,http://creativeportal.up.railway.app/media/project_photos/2025-09-01_17.16.21.jpg,,,,,,,,,,,,,,,,,,
proj-015,Future Problem Solving Program International,,,https://encrypted-tbn0.gstatic.com/images?q=tbn:ANd9GcTVgPimc_RQYYbUhV3A_xER8GPifFju7nveLA&s,,"**Future Problem Solving** — это глобальное движение, которое с 1974 года помогает школьникам по всему миру развивать навыки аналитического мышления, креативности и лидерства.
Программа представлена в 12 странах, охватив более 1 000 000 учеников, ежегодный финальный этап проводится в США на конференции в Indiana University

**Целевая аудитория**
Школьники 9-11(12) классы
Студенты колледжей 1-2 курсы",,http://creativeportal.up.railway.app/media/project_photos/2025-09-01_17.41.29.jpg,,,,,,,,,,,,,,,,,,
proj-016,STEM Racing,,,https://encrypted-tbn0.gstatic.com/images?q=tbn:ANd9GcTVgPimc_RQYYbUhV3A_xER8GPifFju7nveLA&s,,"**STEM Racing** — международный чемпионат для школьников 9–19 лет.
Команды из 3–6 человек создают мини-болид Формулы-1, разрабатывают дизайн, портфолио и презентуют проект. Победители национального этапа представляют страну на
мировом финале.

STEM Racing проводится в более чем 50 странах мира, включая: Великобританию, США, Германию, Австралию, Китай, ОАЭ, Сингапур, Японию, Индию и другие.

**Целевая аудитория**
Школьники 9-11(12) классы
Студенты колледжей 1-2 курсы
Школы с техническим оснащением",,http://creativeportal.up.railway.app/media/project_photos/2025-09-01_21.37.02.jpg,,,,,,,,,,,,,,,,,,
proj-017,Umit,,,https://encrypted-tbn0.gstatic.com/images?q=tbn:ANd9GcTVgPimc_RQYYbUhV3A_xER8GPifFju7nveLA&s,,"**Úmit** — это интерактивная капа, позволяющая людям с инвалидностью управлять цифровыми устройствами и инвалидной коляской с помощью движений головы и языка. Устройство интегрировано с искусственным интеллектом, который адаптируется под пользователя, распознаёт шаблоны движений и снижает когнитивную и физическую нагрузку за счёт автоматической навигации. Úmit возвращает независимость, доступ к знаниям и участие в жизни общества.

**Целевая аудитория**
**Пользователи**
1. Люди с параличом верхних и нижних конечностей, включая полный паралич
2. Люди с ДЦП, СМА, мышечной дистрофией
3. Перенёсшие инсульт, черепно-мозговые травмы, рассеянный склероз
4. Люди с ампутациями и врождёнными нарушениями
5. Люди, утратившие голос и возможность двигать руками

**Клиенты**
- Родители и опекуны
- Медицинские и реабилитационные центры
- Инклюзивные школы и онлайн-образовательные платформы

**Партнёры и влиятельные группы**
- Благотворительные фонды, НПО, государственные структуры
- Технологические компании и производители assistive tech
- Работодатели и организации, продвигающие принципы инклюзии
СМИ и цифровые платформы, специализирующиеся на проектах для людей с особыми потребностями и доступных решениях (например, маркетплейсы и краудфандинговые площадки)",,http://creativeportal.up.railway.app/media/project_photos/2025-09-01_17.40.20.jpg,,,,,,,,,,,,,,,,,,
proj-018,BozBoz,,,https://encrypted-tbn0.gstatic.com/images?q=tbn:ANd9GcTVgPimc_RQYYbUhV3A_xER8GPifFju7nveLA&s,,"Набор для обучения вязанию для начинающих в степной стилистике

**Целевая аудитория**
Пользователи: Дети с 4 лет, Подростки
Молодые люди, которые хотят научиться вязать
Клиенты: ритейл, ярмарки, фонды, компании, школы, аэропорты",,http://creativeportal.up.railway.app/media/project_photos/2025-09-01_17.41.36.jpg,,,,,,,,,,,,,,,,,,
proj-019,Janaiqai Comics,,,https://encrypted-tbn0.gstatic.com/images?q=tbn:ANd9GcTVgPimc_RQYYbUhV3A_xER8GPifFju7nveLA&s,,"**Janaiqai comics** - проект, посвященный насилию над
детьми в Центральной Азии.

В нашем онлайн комиксе 50 страниц, включающих 8 анонимных историй со всей Центральной Азии, руководство по помощи детям с травмой от @jarqyn.project , странички о тревожности и терминологии, стихотворение «Алло, мам»

Целевая аудитория
Дети 11-18 лет и их родители",,https://creativeportal.up.railway.app/media/project_photos/2025-09-01_17.39.27.jpg,,,,,,,,,,,,,,,,,,
proj-020,New Wave,,,https://encrypted-tbn0.gstatic.com/images?q=tbn:ANd9GcTVgPimc_RQYYbUhV3A_xER8GPifFju7nveLA&s,,"**NewWave.kz** — это национальный музыкальный конкурс для молодых исполнителей, направленный на открытие новых имён, развитие локальной музыкальной сцены и исследование потенциала ИИ в музыке. Конкурс объединяет жанры от попа до неоклассики, проходит в несколько этапов (онлайн и офлайн), включает публичное голосование, профессиональное жюри и менторский буткемп, и завершается живым финалом с награждением.

**Целевая аудитория**
Наша аудитория — это начинающие музыканты и продюсеры от 15 до 35 лет, которые пишут музыку дома, ищут сцену и сообщество.",Tech,http://creativeportal.up.railway.app/media/project_photos/2025-09-01_22.08.30.jpg,,,,,,,,,,,,,,,,,,
proj-021,APhB & NChB,,,https://encrypted-tbn0.gstatic.com/images?q=tbn:ANd9GcTVgPimc_RQYYbUhV3A_xER8GPifFju7nveLA&s,"Турнир по
физике и химмии, совмещающий формат олимпиад и
научных дебатов.","**Almaty/Astana Physics Battles (APhB)** —
единственный в Центральной Азии турнир по
физике, совмещающий формат олимпиад и
научных дебатов. Поддерживается
Министерством образования в Казахстане.
**NChB (National Chemical Battles)** - те же физбои,
но по химии.",,https://drive.google.com/file/d/1ue4vIKcGsENFm5oom_5_v8CkVTs8BSXA/view?usp=drive_link,,,,,,,,,,,,,,,,,,"[
  {""title"": ""Аналитическая справка"", ""url"": ""https://drive.google.com/file/d/1IgKxWcKboB94rjct-Xomx89smgp7vBY-/view?usp=drive_link""}
]"