id,title,creator,creatorBio,creatorAvatar,tagline,description,category,imageUrl,mediaUrls,team,socialLinks,videoGenerationState,goal,pledged,backers,fundingVelocity,faq,rewards,city,country,anticipationScore,impactScore,efficiencyScore,problems,isFeatured
proj-001,Saylaq Qol,Sailaq Qol,Sailaq Qol - механическая рука,https://encrypted-tbn0.gstatic.com/images?q=tbn:ANd9GcTVgPimc_RQYYbUhV3A_xER8GPifFju7nveLA&s,Short tagline,"**Saylaq Qol** — это технологическое устройство в формате умных перчаток, которое распознаёт жесты казахского жестового языка и мгновенно переводит их в текст или синтезированную речь. Перчатки оснащены гибкими сенсорами для определения движения пальцев, MPU6050 для отслеживания положения руки, а также ESP32 mini для обработки данных. Это решение позволит людям с нарушением слуха свободно общаться с окружающими, не прибегая к помощи переводчиков.

**Целевая аудитория**
1. Люди с нарушениями слуха в Казахстане 
2. Их семьи, друзья, коллеги 
3. Государственные и частные организации, обслуживающие людей с ОВЗ",Tech,https://drive.google.com/file/d/1eM1diII2dNRFQ8tgQEdazbHha7qyjxhA/view?usp=drive_link,"[{""type"":""image"",""url"":""https://drive.google.com/file/d/1eM1diII2dNRFQ8tgQEdazbHha7qyjxhA/view?usp=drive_link""},{""type"":""video"",""url"":""https://hailuoai.video/share/ai-video/k32kvQdlm0xA?source-scene=shared&source-media=shared_link""}]","[{""name"":""Alice"",""role"":""Founder"",""avatar"":""[URL]""},{""name"":""Bob"",""role"":""Engineer"",""avatar"":""[URL]""}]","[{""platform"":""website"",""url"":""[URL]""},{""platform"":""instagram"",""url"":""[URL]""}]",none,25000,0,0,stable,"[{""question"":""What about shipping?"",""answer"":""Worldwide in Q4.""},{""question"":""Warranty?"",""answer"":""1 year.""}]","[{""title"":""Starter"",""pledgeAmount"":25,""description"":""Thank you pack"",""isFoundersPass"":false},{""title"":""Founder's Pass"",""pledgeAmount"":199,""description"":""Limited edition perks"",""isFoundersPass"":true}]",Almaty,KZ,80,70,75,1231234,
proj-002,Januya,Team X,Bio of team,https://encrypted-tbn0.gstatic.com/images?q=tbn:ANd9GcTVgPimc_RQYYbUhV3A_xER8GPifFju7nveLA&s,Catchy line,"**Ранняя диагностика болезней у куриц с помощью ИИ.**

Наш проект заключается в создании устройства для мониторинга здоровья куриц, которая будет определять заболевания и предупреждать хозяев за счет специально обученной нейросети.
**Цель:** Создание технологии для мониторинга здоровья кур, предотвращение заболеваний и смертности среди птиц, улучшение условий их содержания.
Наш проект находится в стадии разработки, на данный момент у нас имеется сборка первого сооружения с камерой, тепловизором,Raspberry Pi 4, сделанная из дерева. Кроме того, у нас имеется первичное приложение предназначенное для IOS пользователей с диагностикой, видеонаблюдением и информацией для профилактики и безопасности куриц. На нынешнем этапе нам важно сосредоточиться на тестировании прототипа, использовании всевозможных ресурсов для улучшения сооружения и приложения, а также продвижении в социальных сетях. С течением времени, если проект получит достаточную поддержку и внимания, то можно будет переходить к масштабированию и коммерциализации.",Art,http://creativeportal.up.railway.app/media/project_photos/%D0%A1%D0%BD%D0%B8%D0%BC%D0%BE%D0%BA_%D1%8D%D0%BA%D1%80%D0%B0%D0%BD%D0%B0_2025-08-29_%D0%B2_12.16.45.png,"[{""type"":""image"",""url"":""[URL]""}]",[],"[{""platform"":""twitter"",""url"":""[URL]""}]",done,40000,12000,150,trending_up,[],"[{""title"":""Supporter"",""pledgeAmount"":10,""description"":""Thanks"",""isFoundersPass"":false}]",Berlin,DE,85,90,82,,
proj-011,Overtapped: Telegram Mini Game,,https://encrypted-tbn0.gstatic.com/images?q=tbn:ANd9GcTVgPimc_RQYYbUhV3A_xER8GPifFju7nveLA&s,Cooperative Adventure/Quest Game on Telegram.,,Game,https://drive.google.com/file/d/1Z_tAlSewipu2dqtMArWH_aIeGFx_vqKc/view?usp=sharing,"[{""type"":""image"",""url"":""https://drive.google.com/file/d/1O5wy8UBXlPljCBOfLNSQ-beNxR4fthlq/view?usp=drive_link""},{""type"":""image"",""url"":""https://drive.google.com/file/d/1ME_4yQ9BKDddQBnxcJLXhmxpePPgrzxi/view?usp=drive_link""},{""type"":""video"",""url"":""https://drive.google.com/uc?export=download&id=1fAci5Y9o8LFFhi8hn6-qOOwF0JoQxmKR""},{""type"":""video"",""url"":""https://drive.google.com/file/d/1OWz5eWP_fy0r7Noe2UPxDT1Ayq3syY82/view?usp=drive_link""}]",[],[],none,0,0,0,stable,[],[],,KZ,0,0,0,,yes
